"treatment","Pscore"
"CTRL",0.999983644897709
"GLOSS",0.660695933674559
"SRS",0.000670415273843877
"WRIT",0.338650006153889
