"treatment","Pscore"
"CTRL",0.999983644897709
"GLOSS",0.66069593367456
"SRS",0.000670415273844038
"WRIT",0.338650006153888
