"treatment","Pscore"
"CTRL",0.999851228362996
"GLOSS",0.625497332557872
"SRS",2.82929585851501e-06
"WRIT",0.374648609783274
